点名,评论数,均价,口味,环境,服务,地址,电话,
阿叔小吃,418,19,8.7,7.4,8.6, 裕华路裕华大厦旁 ,13427960338,
蓉家小院钵钵鸡(保利店),509,41,7.9,7.8,8, 海德二道保利文化广场一楼A1-1号一楼(后海地铁站D1出口旁) ,15881188908,
小杨生煎(龙岗万科店),403,27,8.3,7.9,8, 龙城街道龙翔大道1号B1层号 ,0755-28710342,
叁番・港式小吃,63,17,7.7,7.3,7.7, 新洲二街号(吉之岛外商铺) ,13554814095,
老广州牛杂(白石洲店),237,19,8.4,7.1,7.8, 天河路11号 ,13528023827,
香港沾叔(东门店),639,18,8.6,8,8.9, 东门町美食广场二楼A-1(地铁站老街) ,13823105248,
香港风味小吃店(中英街店),427,18,7.8,7.2,7.5, 沙头角海涛路1号(顺德家具楼下) ,15017900706,
l仔记,223,28,7.9,6.6,7.5, 湖贝新村1栋号铺(找茶斜对面) ,添加,
嘉华小吃,703,27,8.3,7.2,7.5, 渔村路1号(蛇口菜市场) ,0755-26693844,
肥妈小吃店(古城店),66,17,7.4,7.1,7.5, 南门东路赖府园巷一号(大鹏所城旁) ,15814015291,
港S香港小食,462,36,8.2,7.7,8.2, 黄贝岭路黄贝岭上村-号 ,18122069523,
来到普宁肠粉,1211,24,8.1,7.9,8.2, 东门街道湖贝路11号金色罗湖宾馆对面(湖贝站B出口东行米) ,0755-22914272,
东门小吃街,727,49,7.7,7.2,7.4, 东门二横街东门步行街UcityB1楼(中兴酒店) ,0755-82221797,
小杨生煎(海雅缤纷城店),125,31,8.1,8,8, 新安街道新安湖社区建安一路号海雅广场B1-1 ,0755-27809434,
台湾小吃店(东门町店),11,1,.,.,., 町C-1 ,111,
成都钟姐钵钵鸡,1712,46,8.3,6.7,7.4, 南光路南光商业街1号 ,13438169219,
蜜方圆素(Cocopark店),1346,61,7.8,7.8,7.6, 福华三路号星河COCO-PARK购物中心负1楼(近GAGA鲜语) ,0755-83279275,
椿婆手工卷筒粉,270,11,7.9,7.4,8.1, 振华路1-1号 ,13502870803,
小田豆浆(西丽店),141,29,7.2,7.4,7.4, 石鼓路-号 ,13823230993,
尚好食牛肉@条汤(学府路分店),46,20,8,7.8,7.8, 南山区学府路-11号(近桂庙天桥，公交站：桂庙新村) ,13424415574,
肥仔肠粉,75,9,8.2,7.4,7.9, 塘益路 ,13163776889,
冰村大叔・煲仔粥糖水店,1344,34,8.5,7.4,7.7, 中康路天源梅林居黄祠巷号 ,15914186836,
肥肥油炸,194,34,7.4,6.7,7.3, 福庆街号(富宝KTV，1揭阳捆@) ,13433889770,
黄李记,98,15,7.7,6.8,7.5, 蛇口老街号- ,13828873373,
汉正街湖北传统名小吃,371,22,7.2,6.9,7.1, 常兴天虹美食城一楼(过锅瘾对面) ,18927479222,
桃园眷村(深圳万象天地店),1762,45,7.1,7.7,7.3, 深南大道号万象天地NL1 ,0755-86680056,
大东北首席烤冷面,390,16,7,6.5,7.1, 学府路-1号(苏宁电器对角) ,添加,
辣小妞・成都面馆,190,50,8.4,8.5,8.8, 嘉宾路湖心大厦栋1楼(苏荷酒吧背后，同仁四季正门旁) ,0755-82339051,
煎饼爱果子(连城店),912,13,7.3,7.2,7.3, 中心四路连城新天地C区C1号 ,18124010156,
李记潮汕美食,1,元,.,.,., 发配件A・B座 ,1,
三哥清汤牛腩冰室,219,45,8.3,7.7,7.9, 福民路众孚新村内 ,0755-82552574,
阿叔牛杂,782,31,7.7,6.8,7.5, 园岭六街号 ,15099940356,
最牛的牛杂,74,15,7.4,6.7,7.2, 深南大道车公庙丰盛町C-1 ,13760323380,
汕尾小吃铜盘推,52,25,8,6.9,7.6, 南园路埔尾村1栋1号商铺 ,15814007992,
旁派牛肉@条汤(福田口岸店),47,23,7.7,7.6,7.6, 福田街道渔农社区裕亨路1号名津广场1层11号商铺 ,17322342448,
老地方(桂庙新村店),252,22,8.5,7.3,7.8, 桂庙新村-1-1 ,15019448168,
江味龙虾馆(南山店),3745,118,9,8.9,9.1, 桂庙路号地铁H出口(南山大道与桂庙路交汇路口) ,0755-26655512,
江城小叙・武汉热干面(皇庭广场店),165,28,8.4,8.4,8.3, 福华三路11号皇庭广场B1-H--1 ,0755-83213995,
无虾不欢(海岸城店),375,118,8.3,8.5,8.3, 粤海街道保利文化广场A区三层A--号 ,15013704224,
锦记热干面,条评论,元,.,.,., 塘商AA-1 ,11,
花溪牛肉,条评论,元,.,.,., 1(近) ,-,
鱼你在一起(创维店),28,34,8,7.5,7.5, 高新南四道创维半导体大厦裙楼1层荟食广场(喇叭口处进1米) ,18665855891,
才记牛杂粉面云吞,130,19,8.5,6.8,8, 田心村宝岗路笋岗派出所对面 ,13410688973,
卓记米粉(粉滋粉味地王店),1880,34,8,7.5,7.7, 宝安南路1号(振业大厦公交站) ,0755-82661467,
万利记老长沙小吃社(北站店),78,33,7.7,7.7,7.4, 民治街道民塘路北站社区深圳北站主体楼-东延平台商业区B-1、B-1、B-1号商铺 ,15999635310,
原地包,262,23,8.4,7.8,8.3, 桂庙新村栋- ,19925473261,
旁派牛肉@条(东门店),124,22,7.7,7.5,7.7, 罗湖区东门老街南庆街1号 ,18126331504,
米王肠粉,966,17,7.7,7.9,8.1, 金塘街号(平乐骨科医院旁) ,0755-25906606,
凤栈・纸烤胡椒鸡,条评论,元,.,.,., 田岗11(近轩酒店停车) ,1,
艾薯Aysh(购物公园店),4096,43,8,7.8,7.7, 民田路东福华三路北星河cocopark负一楼1,1室(近购物公园地铁站) ,0755-83170291
明记车轮饼,264,10,7.9,7.4,7.7, 学府路桂庙新村栋(大榕树旁边) ,13725581178,
汕头辉记肠粉王(皇岗总店),1010,24,7.9,6.9,7.4, 金田路福田街道皇岗上围一村号1 ,0755-83809428,
老传统布拉肠,98,11,7.7,6.8,7.4, 桂园街道红桂路清庆新村号1 ,15118008983,
鑫正凤城,条评论,元,.,0.1,., 万象 ,添加,
余记海丰小吃,36,27,8.5,7.9,8, 南湾街道丹竹头恋珠西二巷号11铺 ,13710142201,
里食臻・滋补靓汤,31,38,7.5,7.8,7.5, 泰然八路 泰然大厦A座一楼(萨姆王隔壁) ,0755-33089328,
西关东记(翻身店),117,20,7.2,7.6,7.5, 翻身路号 ,13590332572,
桃园眷村(海岸城店),1177,41,7.1,7.6,7.4, 粤海街道文心五路号海岸城购物中心层号铺 ,0755-86707991,
桃醉里烧烤海鲜江湖菜馆,110,124,8.9,8.9,8.9, 前海路1-1号(平方超市二楼) ,13751010227,
包粥稻(学府路店),127,24,8.4,8.1,8, 学府路荔馨村 ,15019232110,
蒋阿姨砂锅凤爪(学府店),109,21,8.5,7.7,8, 南头街道学府路-号(荔苑小区北区底商) ,15800970175,
天津煎饼果子,881,25,7.7,7.4,7.9, 华强北港澳城11号 ,13823722919,
吃个汤(黄贝岭店),65,36,7.5,7.5,7.5, 黄贝岭凤凰路1号HICITY购物中心L层K-K号铺 ,0755-22744765,
大喜麻辣拌(东门町店),84,22,7.6,7.1,7.3, 人民北路永新街东门町广场A1-1号(百货广场东座对面) ,13959996675,
小田豆浆(石厦店),84,25,7.3,7.5,7.3, 厦东四巷石厦花园1号 ,添加,
老班长手工灌汤包(皇庭店),668,46,7.2,7.4,7, 金田路1号皇庭广场G层(乐凯撒比萨对面) ,0755-83210013,
汕头鱼粥,条评论,元,.,.,., 口下-1() ,-,
蛇口康乐快餐鱼仔档,506,57,7.9,7,7.6, 蛇口新街1号(翠苑小区西侧) ,0755-26682075,
凤英小吃,6,20,7.7,7.3,7.5, 沙头角公园路1号 ,添加,
煎饼志(清湖店),158,22,8,8.4,8.2, 青阳路金銮国际期底商1楼11号(清湖地铁站C出口右转1米处) ,13686862228,
超级物种(华强北店),373,127,7.8,7.8,7.8, 华强北街道华强北路西侧东方时代广场裙楼负一层B11号 ,0755-82575735,
旁派牛肉@条(福华路店),207,28,8.1,8.1,8, 福华路1号 ,18118750784,
海丰小吃,162,17,8.3,7.2,8.2, 水库新村号 ,15999682991,
吃个汤(星河谷店),92,31,8.4,8.3,8.4, 坂田街道梅坂大道雅宝路星河World.CoCoParkB1C-号 ,0755-86576985,
吃个汤(科兴旗舰店),条评论,1,.,.,., 科苑1科科C栋G-铺 ,-1,
泡面小食堂(皇庭中心店),24,25,7.6,7.5,7.9, 金田路皇庭中心B1-1号(皇庭中心B1层，大中华马路对面) ,15013619233,
悟空轩杂粮煎饼,1194,19,7.5,7.4,7.6, 海德二路保利文化广场A1- ,0755-86286866,
一只小红薯(星河WORLD,46,20,7.8,7.6,7.8, 五和大道星河WORLDCOCOPARK1层外围靠近B座L1C-号 ,13816365972,
飞哥飞饼,138,26,8.5,7.9,8.9, 锦龙路号 ,15099918831,
潮汕豆浆,条评论,1,.,0.1,., 巴登栋 ,1,
汕头广场老牌豆花,667,16,7.2,6.8,7.4, 振华中路华强北中航北苑尚街南门 ,13192399808,
终ㄕ,69,40,7.7,8,7.9, 北环大道中康南路号 ,18938035355,
阿甘锅盔(丰盛町店),39,11,7.8,7.5,7.7, 车公庙丰盛町地下阳光街B层BO ,18079089555,
麻婆婆白家肥肠粉(万象城店),775,32,8.2,8.2,7.9, 深南东路金丰城负一楼 ,13228262626,
西园饮食店,204,32,8.5,7.5,7.9, 宝安大道西乡市场综合楼1号 ,0755-27954697,
潮善普宁肠粉(岗厦店),120,17,8.4,7.7,8.2, 岗厦东三坊1号-(辉旺隔壁) ,18002504053,
米陀饭团(龙岗宝能店),50,14,8.2,7.7,7.7, 建设路号宝能allcityL1-b-1 ,0755-33290078,
新美潮汕小食店,139,13,8.3,6.6,7.2, 景田东路新狮村栋底商(景田肉菜市场对面) ,13530395546,
卤王世家(深圳店),22,17,7.7,7.4,7.5, 振华路1-号 ,13751031881,
娇焰,36,58,6.7,7.2,7.2, 粤海街道科苑南路号深圳湾万象城负一层Ole内 ,0755-86129366,
小明深夜肠粉豆浆,138,17,8.3,7.9,8.4, 深圳下沙村坊号(下沙街发艺名店对面直走米) ,0755-82705166,
曾阿姨牛杂,1,1,.,.,0.1, 11(楚留面包口) ,添加,
周锅盔●成都小吃(车公庙店),条评论,1,.,.,., 社然然科技栋1 ,111,
文和友老长沙龙虾馆(梅林店),1525,122,8.6,8.4,8.3, 梅林街道梅林路号(天欣汽车生活馆) ,13632533322,
泡面小食堂(皇庭广场店),159,34,6.8,7.3,7.2, 福华三路11号皇庭广场B1层摩卡湾内H号(博纳电影院附近) ,13509680070,
菜煎饼谷蔬人家,31,13,8.4,8.2,8.3, 人民北路1号深圳小学斜对面 ,18963266521,
大弗兰湖南米粉小吃(梅林卓悦汇店),1073,34,7.5,7.8,7.5, 梅林路卓悦汇购物中心B层 ,0755-82574361,
手工河粉,14,11,7.4,7.1,7.2, 笋岗村1-号 ,13926546539,
阿甘锅盔(中信城市广场店),51,10,7.8,7.8,7.7, 深南中路1号新城市广场地下负一层吉之岛超市美食街(深井烧鹅对面) ,16600242715,
深夜豆浆,79,22,7.5,7.1,7.4, 玉泉路1号中山苑设计创意产业基地四栋一层号E ,17727962723,
江味龙虾馆(罗湖店),1254,118,8.7,8.8,9.1, 桂园街道红宝路号安华宾馆一楼西侧(大剧院地铁站B出口旁) ,0755-22655569,
老郑记卤粉店(海雅店),69,19,8.6,8,8.3, 新圳西路号-(新安湖商业城对面) ,18922878480,
菜忠潮州牛肉店,483,36,7.9,6.8,6.9, 岗厦牌坊街岗厦小学北1米 ,15622809138,
f,86,87,8,6.6,7.4, 上围一村1号一楼 ,0755-83803369,
初见辣里抄手面四川小吃(南山学府店),146,29,8.3,8.6,8.5, 前海路号东方银座广场西座1楼(近大新地铁C出口) ,13923427692,
笑脸饭团店,11,元,0.1,.,0.1, 荔火G&G意IngMarket ,111,
大家乐(益田假日广场店),1565,37,7.4,7.6,7.5, 深南大道号益田假日广场B层(华侨城威尼斯酒店旁,近世界之窗) ,0755-86298281
热辣生活(华强北店),1,元,.,.,., 百货负B1 ,-1,
面点王(书城分店),351,37,7.1,7,7, 福中一路1号中心书城南区楼(近自然派) ,0755-23992142,
张氏宽窄巷成都名小吃(平安金融中心店),13,44,6.9,6.9,7.2, 福田街道福安社区益田路号平安金融中心B111 ,0755-23609704,
卷匠,条评论,1,.,.,., 浪商k栋k1-1 ,-11,
潮汕@汁店,75,16,7.3,7,7.4, 下梅林一街农批市场南侧号档 ,15919712639,
牛佬真正牛骨汤,24,38,7.8,7,7.5, 裕华路与西环路交叉口西北1米 ,13602684327,
南门一坊美食街,条评论,元,.,.,., 粤商BBB1BB ,-111,
张@老(福田站店),40,24,7.3,7,7.2, 深南大道福田地铁站内美食广场B区 ,0755-82560252,
和府捞面(皇庭广场店),178,40,8.3,8.4,8.5, 福华三路11号皇庭广场B1层-号 ,15992436910,
阿甘锅盔,87,12,7.8,7.6,7.6, 福华路连城新天地二期 ,添加,
潮汕豆浆(东门店),69,17,7.6,6.9,7.3, 东门街道人民北路立新花园B栋裙楼11首层A号 ,18664556089,
和府捞面(卓越intown店),524,42,8,8.5,8.2, 福华三路卓越INTOWN负一层B1号(地铁号线会展中心站E口，1号线岗厦站D出口) ,18778832717,
广场老牌豆花甜汤,90,15,7,7.2,7.4, 中航路1号华强北九方购物中心B1层 ,添加,
庙东排骨(白石洲店),条评论,1,.,.,., 洲1 ,1,
悟粉・长沙现磨手工米粉(市民中心店),25,23,7.3,7.5,7.6, 福中三路三寸时光美食街A1铺(地铁市民中心A口内) ,18028739779,
汤否椰子炖汤(车公庙店),84,30,7.8,7.9,7.8, 丰盛町地下阳光街BCD区C1- ,0755-23942876,
为为螺蛳粉(皇庭广场店),594,26,7.2,7.8,7.5, 福华路皇庭广场B1层博纳电影院旁 ,0755-23999411,
秋菊螺蛳粉,740,15,7.9,7.8,7.9, 西乡街道海城路白金假日公寓1楼号铺(人人乐侧面) ,15813167232,
婉鱼(半路店),67,30,7.5,7.5,7.7, 海德三道航天科技广场B栋负一楼(后海地铁J出口) ,15989885068,
湖南刘三米粉(海岸城总店),552,28,7.8,8.3,7.9, 海德二道海岸城东座商场1楼(华尔街英语楼下) ,13923885942,
SS美食商店,84,47,8.3,8,8.2, 沿河北路黄贝岭上村号1 ,15889779323,
万利记老长沙米粉小吃社(福永益田假日店),条评论,1,.,.,., 怀社益田假日地 ,-1,
林叔海丰小吃,条评论,元,.,.,., 埔1之单元11房 ,1,
旁派牛肉@条汤(福安街店),26,23,8,7.9,7.6, 福田街道福田社区祠堂坊号福安街号1室 ,18145837164,
馍道・凉皮肉夹馍(大冲分部),37,26,7.4,7.8,7.8, 南山区粤海街道大冲新城花园1号商铺(深圳南山外国语学校对面) ,18691880222,
谭记煲仔饭,42,27,7.9,7.2,7.2, 沙头街道沙尾东村号一楼 ,0755-83236273,
大家乐(深业上城店),152,38,7.4,7.7,7.5, 皇岗路1号(深业上城商场M层M铺) ,0755-82782307,
成兴豆浆(福星分店),363,19,8.1,6.7,7.7, 福星路赤尾坊号1(面对南北药行右边第二条小巷口) ,13798203448,
艾薯Aysh(宝安海雅店),条评论,元,.,.,., 宝雅缤纷L1商铺 ,-1,
赖师傅(朗科店),22,22,7.4,7.5,7.7, 高新南六道朗科大厦一楼号铺 ,15286022962,
热辣生活(西乡店),133,57,8.5,8.3,8.3, 西乡地铁站天虹合正汇一城负二层 ,0755-23501921,
榕树头大排档,125,37,8.4,7.6,8.4, 沙井蚝三村(蚝业小学斜对面) ,添加,
忆巷(皇庭店),399,39,8.2,8.7,8.1, 福华三路11号皇庭广场B1(盒马鲜生侧门) ,0755-88319699,
南粤光明乳鸽文化美食园(光明总店),933,87,6.6,6.2,6.1, 体育公园路号 ,0755-27407388,
卷舍(华强北店),75,18,8,8.1,8.3, 华强北步行街茂业天地B1层 ,15989461808,
香港米芝莲(深圳北站店),51,20,7.6,7.7,7.7, 民治街道深圳北站东广场港铁号线C、D出口(SZB-) ,18825252866,
那间小店,349,34,8,6.8,7.4, 学府路桂庙新村 ,13717012737,
炸技团・油炸串串(水贝IBC店),46,43,7.8,8.1,8.5, 东晓街道布心路号IBCMALLB1层A号 ,13590485887,
米陀饭团(福田连城店),22,14,7.9,7.6,7.8, 福华路连城新天地一期A区AA（购物公园地铁A出口右转米）(购物公园A出口) ,0755-82798546,
禾言己蟹黄包生煎包(曼哈店),1,1,.,.,.,  ,1,
线所・米线自由配(海雅缤纷城店),1,元,.,.,., 雅缤纷L-1-1商铺 ,-1,
老兵牛蹄店,379,38,7.6,6.4,6.8, 蛇口老街号(近望海路) ,13827433840,
秦人面f(车公庙店),140,20,7.3,7.1,7.2, 泰然四路泰然公寓区1栋底商 ,13530721012,
豆小二潮汕豆浆店,15,21,7.3,7.4,7.7, 罗湖区红桂路1号 ,13603002522,
张氏宽窄巷成都名小吃(布吉华润万象汇店),243,61,7.1,7.6,7.1, 布吉街道翔鸽路布吉华润万象汇购物中心B1层号 ,0755-28686167,
阿八蚝仔烙(福宁店),61,25,7.2,6.5,7.1, 福宁街1号(近福宁街号) ,13510845994,
黔派贵州米粉小吃,275,28,8.3,8.4,8.1, 沙头街道泰然四路11栋11号 ,18685182997,
盛和品的米粉铺(新洲店),193,28,9,9,9.1, 新洲北村11号1铺位 ,13316538799,
左左香老潼关肉夹馍,15,17,7.3,7.8,7.5, 振兴路号 ,18033437066,
清华大学饭堂,58,26,7.7,8,7.8, 丽水路1号 ,添加,
宏记莲藕汤,1,1,.,.,., 国1水库栋 ,11,
楚汉先森・武汉热干面湖北小吃(保利店),412,27,7.7,7.8,8.1, 海德二道保利文化广场一楼A1-号 ,18138233925,
吃个汤(储能大厦店),191,34,7.5,7.6,7.6, 科苑南路号中国储能大厦负一层号铺 ,0755-86963181,
红姐驾到全民烫拌菜,23,35,7.5,7.6,7.7, 南海大道来福士广场B1层 ,13702694433,
吃个汤(金光华店),57,37,7.9,7.6,8.2, 南湖街道人民南路新安大厦第一层北- ,13040898868,
庙东排骨(海雅缤纷城店),80,18,7.7,7.5,8, 新圳西路号(海雅缤纷城华润万家对面) ,13902971737,
大申利生煎(皇庭店),144,24,7.9,7.5,7.9, 福华三路皇庭广场B1楼(盒马鲜生内) ,4007752577,
海米道上海生煎,358,21,7.4,7.4,7.6, 福华路连城新天地二期商业街C号(地铁一号线岗厦站C口步行米) ,13530013035,
拌粉君(九方购物中心店),1,元,.,.,., 强方购物负 ,111,
客家油茶,条评论,1,.,.,., 商 ,11,
泡面小食堂(石厦店),96,32,7.9,8.2,8, 石厦街马成时代广场C区一楼11(石厦地铁站F出口米) ,18923703332,
阿甘锅盔,52,9,8,7.5,7.5, 科兴路11号深南花园裙楼 ,15084590001,
春季螺蛳粉(竹子林店),391,20,7.9,7.1,7.6, 竹子林五路北越众小区号单身楼底层A号(汉庭酒店旁边) ,电话：,
郑姐牛杂,113,20,7.8,6.7,7.7, 新安湖片区区甲岸村1栋11室 ,13242020788,
晓艾生煎(南山海雅店),114,25,7.1,7,7, 南海大道海雅缤纷广场负一层号 ,15989463306,
潮香四海・正宗潮汕风味(南山店),1208,83,9,8.3,8.9, 南山大道111号南海大厦首层1-1号(11号线南山站D出口南米，中油大厦旁) ,0755-86318890,
喜爱汤室(水围店),159,48,8.5,8.7,8.4, 水围二街1号 ,13312961485,
合式食屋・面线糊,条评论,元,.,.,., 1-1(沃玛店1米) ,11,
新洲炒粉,1,1,.,0.1,., 洲 ,添加,
恭喜发财糖水铺,28,11,7.5,7.5,7.6, 梅山街梅林一村区栋1D路边商铺 ,15099939383,
不二猫冰卤串串,58,30,7.7,7.7,7.6, 沙河街道白石路欢乐海岸购物中心F-1商铺 ,0755-86701930,
味宝园牛杂,184,29,8.2,7.1,7.7, 国威路1-号 ,添加,
丰顺捆{,56,17,7.5,7.2,7.4, 下沙村六坊号11(夜明珠酒吧旁) ,13798263233,
艾薯Aysh(壹方城店),439,46,8.1,8.1,7.7, 新安街道新湖路号壹方城L层1B号铺 ,0755-23002649,
韩国炸酱面,625,68,7.6,7.4,7.2, 南光路鸿瑞花园三期-1号 ,15989438155,
大聪烧鹅,274,29,8.2,6.7,7.1, 下梅林梅丽路富盛花园A栋11号(近家乐福) ,0755-83178734,
宝狮杂碎小食馆,676,44,8.3,7,7.9, 蛇口湾厦路号 ,0755-26684667,
阳江河堤老牌曾记美食(上沙分店),410,35,7.5,6.5,6.6, 上沙椰树村巷1号 ,13418848187,
泰面thaimix(人民南路店),112,38,8.4,7.7,8.7, 人民南路罗小四街1-号(张亮麻辣烫旁) ,13530010962,
李府驴肉火烧店,条评论,1,.,.,., 1-1 ,1,
有间桐坑揭阳牛肉@.九牧牛人(泥岗店),条评论,元,.,.,., 碧泥岗1(泥岗地铁C出口) ,11,
深圳大学南区食堂,1,1,.,.,., 白校 ,-1,
面点王(欢乐海岸分店),1,元,.,.,., 白欢岸水幕秀入口处 ,-1,
天桥下肠粉,1,元,.,.,0.1, 商报与景田叉口米 ,添加,
阿甘锅盔(壹方城店),294,10,8.1,7.8,7.8, 新湖路号壹方城B-号 ,18746661862,
沙拉煎饼&火锅米线(万科店),33,18,7.8,7.8,8.4, 龙翔大道龙城街道万科天誉广场商铺111室(小龙坎老火锅路口直行米) ,15361088911,
黑炮石头肉饼,41,14,8.1,7.8,8, 梅林路卓悦汇购物中心 ,添加,
虾小士・小龙虾轻食(海岸城店),68,41,7.9,8,8.5, 海德一路海岸城负一楼号铺 ,13603071263,
巷内锅盔(华强北茂业店),322,14,8.1,7.7,7.9, 华强北路茂业百货(℃对面) ,13670166737,
包粥稻(车公庙店),76,23,7.7,7.6,7.1, 车公庙工业泰然四路11栋1楼 ,0755-83225583,
小蹄大作,161,26,7.9,7.6,8, 连城新天地一期A店铺(购物公园地铁站A出口旁) ,13823354499,
阿甘锅盔(海雅店),349,11,8.2,7.8,7.8, 广深公路海雅缤纷城负一楼B1-1 ,13936993966,
点点鲜(肠粉王),32,27,6.9,6.9,7, 福田街道福田地铁站负一层福一街号(福田地铁站A1出口时尚MEGO美食C区) ,18927435658,
张氏宽窄巷成都名小吃(宝安壹方城店),532,59,6.9,7.3,6.8, 新安街道新湖路号壹方城B层号商铺 ,0755-23003441,
揭阳捆@168(新洲店),249,26,8.2,7.1,7.4, 新洲七街号 ,0755-82732356,
十八潮州粥,87,83,8,7.2,7.5, 福安街号 ,0755-82885887,
味滋禾轩捞捞面,505,15,8.6,7.8,8.4, 南庆街八达商城一楼1-号(新巢ktv对面) ,13631580895,
佳俊八宝牛杂,51,21,8.6,7.6,8.1, 南水步行街南水路号 ,添加,
谷田稻香(宝能太古城店),63,39,7.4,7.3,7.2, 蛇口街道深圳湾社区中心路号宝能太古城北区NB1 ,0755-36889160,
旧同学热干面,条评论,元,.,.,., 雅百货负 ,11,
阿甘锅盔(来福士广场店),251,11,7.6,7.4,7.2, 南海大道来福士广场负一楼(CC果蔬吧正对面) ,18778331520,
黄太吉,131,23,7,7.3,7.2, 福华三路购物公园负一层B1S- ,添加,
园聚得,66,21,8,7.4,7.6, 中航路华强北世纪汇负一楼B1号商铺 ,13823775763,
长巷茶@坊,63,19,7.5,7.4,7.6, 南门东路大鹏所城东门(长巷号) ,13437770034,
汉堡王(福华三路店),1912,30,7.7,7.6,7.5, 福华三路号L层 ,0755-21515526,
茶亭餐厅(市民中心店),条评论,元,.,.,., A地铁负物A- ,111,
宝庆人家,236,21,7.6,6.7,7.6, 新圳西路1号华夏楼号铺 ,18617173311,
食代馆(深业上城店),208,52,7.4,7.8,7.4, 皇岗路1号深业上城商场L1层L1铺 ,添加,
明洞美食,73,19,7.8,7.2,7.7, 大街与同沙路交汇处西南角 ,添加,
石锅拌饭(华新店),40,22,7.8,7.6,7.9, 红荔路华红社区华新村栋南面时尚ME.GO华新站地铁商城 ,18666821171,
煲仔饭,22,23,7.4,7.4,7.3, 粤海街道创维半导体设计大厦负一层1F ,0755-26410478,
Autobahn无限速(金光华广场店),192,56,7.9,7.7,7.9, 人民南路号金光华广场层L- ,0755-82323027,
艾薯Aysh(龙岗万科里店),21,45,8,7.8,7.5, 龙岗大道万科里一楼L1- ,15012831332,
后巷牛杂,132,27,8.3,7.4,8.1, 东门一巷号楼1楼(东纵路号紫金八刀汤楼后) ,15814455060,
山水肠粉,1,1,.,.,., 与涛叉口(近角) ,-,
小黑桐坑牛肉@(水围店),条评论,元,.,0.1,., 水围水围首 ,11,
围炉锅盔(深圳北站缤果空间站),12,12,7.5,7.3,7.6, 民塘路深圳北站缤果空间购物中心楼 ,13612990687,
深井村・烧鹅专门店(宝安店),483,46,7.9,8.3,7.9, 宝安大道号旭生大厦后面一楼 ,0755-82179977,
鼎泰隆蟹黄灌汤包,320,27,7.2,7,7, 东门中路号温莎广场1F号 ,0755-22310270,
三只松鼠(星河world,42,42,8.4,8.6,8.5, 坂田五和大道星河worldcocoparkB1 ,18655111661,
胡椒宅男(深圳北缤果空间店),条评论,元,.,.,., 塘缤果空间F ,1,
半饱半醉(万象天地店),1659,97,7.4,8.1,7.6, 深南大道号万象天地里巷二楼NL ,0755-86687398,
米陀饭团(中信永旺店),40,14,7.5,8,7.8, 深南中路1号中信大厦负一楼内 ,0755-25125659,
80克手眷饼(购物公园店),436,23,7.6,7.7,7.7, 福华路购物公园地铁站B出口右侧牛状元对面 ,0755-82542373,
王记锅盔(下梅林店),条评论,1,0.1,.,., (下桥商行旁) ,1111,
无名肥姐牛杂,28,16,7.6,7.2,7.5, 黄贝岭南街下村号集浩大厦沿街商铺 ,18922843916,
小_长沙臭豆腐(海雅店),1,1,.,.,.,  ,1,
庙东排骨(白石龙玖龙荟店),条评论,元,.,.,., 塘社玖玺N11铺 ,1,
深夜豆浆,30,18,7.6,7.3,7.5, 爱联爱都路- ,18318340525,
西湖干菜饼,条评论,元,.,.,., -立丰药房旁边 ,1,
和府捞面(深圳北站店),25,47,7.9,7.6,7.8, 深圳北站出发大厅楼号商铺 ,13418097017,
阿甘锅盔(壹海城・ONE,80,10,7.6,7.6,7.4, 海景二路1号(壹海城・ONEMALL楼L-号) ,添加,
公安锅盔,条评论,元,.,.,.,1,添加,
豫东全羊汤馆,1,元,.,.,., 侨苑复式1(侨后) ,11111,
晓艾生煎(世界之窗店),190,24,8.1,7.6,8, 沙河街道深南大道瑞思中心优米道超市负一层 ,17748688223,
杨姐自造,条评论,元,.,.,., 国投负 ,-1,
阿甘锅盔(龙城万科里店),51,10,7.5,7.4,7.6, 龙岗大道龙城万科里 ,添加,
大弗兰丨湖南米粉小吃(宝能店),259,33,7.8,7.8,7.5, 蛇口宝能太古城南区(宝能太古城南区B1层KFC旁边) ,0755-36993105,
越南肠粉,74,14,8.2,7.3,8, 光翠路附近怡品轩茗茶隔壁 ,15999582472,
好好味面家,1734,20,8.4,6.8,7.1, 桃园路-号(近南山天虹商场) ,0755-26666365,
庙东排骨(泥岗店),1,元,.,.,., 罗洪涛泥岗1 ,1,
俊康肠粉,156,27,8.1,8,8.2, 皇岗公园一街水围1文化街区南一街1栋 ,13392171852,
一碗(购物公园店),806,29,7.9,7.8,7.8, 福华路购物公园地铁站B出口地下室B-B号 ,15999675376,
香河肉饼,11,元,.,.,.,  ,11,
揭阳捆@168,256,25,8.2,6.7,6.7, 爱国路水库新村四街号(近水库新村篮球场) ,0755-25995616,
沈氏浙江烧饼,条评论,元,.,.,., 登良油B栋1 ,111,
锅盔演x(皇庭广场店),92,11,7.7,7.3,7, 福华三路11号(皇庭广场负一楼摩卡湾内，泡面小食堂对面) ,15012566007,
深运潮州粥(振兴店),1358,52,7.8,7,7.1, 红荔路上步工业区1栋1楼(近振兴宾馆) ,0755-83363553,
河南崔记水煎包胡辣汤,26,12,7.4,7.1,7.4, 白石洲一街1号(美宜多生活精选超市旁) ,15986622728,
潮汕大排档,27,56,7.2,6.9,7.1, 海昌路1-1 ,18922807319,
潮汕粉果,18,13,7.1,7.1,7.1, 向东路号 ,13570804328,
香攸米粉,74,16,7.9,6.9,7.7, 皇岗上围二村-号 ,0755-83826191,
大家乐(福民店),321,34,7.6,7.6,7.5, 福民路与金田路交汇处之福民佳园首层G1铺位 ,0755-88307177,
一品汤馆(南航店),1,元,.,.,., 亿达栋1 ,1,
爱牧羊汤,1,1,.,.,., 下好裙1 ,-,
大家乐(罗湖店),204,28,7.6,7.5,7.7, 建设路1号德兴大厦座1层 ,0755-82330866,
文记回味肠粉,条评论,1,.,.,., 官下1(官吓对面) ,11,
庙东排骨(天虹店),86,20,7.8,7.3,7.8, 桃园天虹1层11-号铺 ,18680328627,
串串俱到钵钵鸡,47,23,7.9,7.9,8.4, 宝民一路甲岸村-1号楼(小田豆浆旁) ,13421317515,
黑白电视老长沙吃货铺(皇庭广场店),845,32,7.5,7.5,7.3, 福华三路皇庭购物广场负一楼H-(摩卡湾旁) ,0755-82731994,
隆江猪脚洪卤味,114,24,8.3,6.9,7.1, 人民北路1号(人民小学西) ,添加,
大师兄肉夹馍陕西面馆(万科里店),68,33,8.2,8.2,8.1, 科创路云城万科里C绿廊B1-、、号商铺 ,16620484242,
台湾饭团(车公庙店),1,1,.,.,., 车庙地铁B1C- ,1,
好好味面家(桂庙店),49,18,8.3,7.4,7.9, 粤海街道学府桂庙新村栋西部百货B档 ,18929377125,
曾记海丰小吃店,条评论,元,.,0.1,., 强强联发附第1A ,1,
谷田稻香(KKONE店),51,34,7.3,7.3,7.3, 滨河路号下沙村京基滨河时代广场KKONE负一层B11A商铺 ,0755-23602787,
鹅最好(南光店),382,25,8.3,7.1,7.3, 海德二道南光花园栋1楼号商铺(近南山大道) ,0755-86127856,
SOYFOOD韩国小吃(新2000广场店),304,38,7.5,7.2,7.2, 南庆街1号新广场1层 ,0755-82365667,
百合牛肉@,77,18,8.2,7.4,7.6, 太安路11号 ,0755-25500472,
万利记老长沙米粉小吃社(宝能店),77,32,8.1,8.1,7.6, 龙福路宝能城市广场一楼 ,13798244069,
好色派沙拉(东门店),条评论,元,.,.,., 莎负B- ,-,
永和大王(景田店),221,18,7.5,7.7,7.5, 新闻路1-号五洲星苑A座首层1-1 ,0755-82713494,
隔岸亲台湾胡椒饼(杨美旺塘店),17,9,7.6,7.6,7.8, 布龙路坂田杨美上段一巷号(杨美地铁C出口东米，建设银行ATM旁) ,13925552257,
老碗会・手工陕面小吃(凤凰大厦店),19,35,7.7,7.5,7.6, 莲花街道福中社区中心区中国凤凰大厦三栋 ,13556800897,
万利记老长沙米粉小吃社(平安金融中心店),23,34,7.6,7.6,7.8, 益田路号平安中心B1楼B1单元LINKCITY商业街B1号商铺 ,0755-23486484,
72街(中心书城店),1085,26,7.4,7.5,7.5, 福中一路1号红荔城路中心书城N ,0755-82787172,
@捆{食验室,58,22,8.2,8.3,8.4, 粤海街道后海中心路1号中建钢构大厦下沉广场商铺A(钢结构博物馆旁) ,18002510941,
阿甘锅盔,193,10,7.9,7.6,7.6, 深南大道号 ,13936993966,
南壹粥铺,条评论,元,.,.,., 田COCOPARK商B1 ,添加,
正宗荆州烧饼,条评论,元,.,.,., 下岁宝百货出口 ,111,
潮记粥粉店,36,18,7.5,7.2,7.1, 后海大道桂庙新村栋(伊丹穆斯林对面) ,18926497709,
渔乡米坊(东园店),条评论,元,.,.,., 政侧地下L-1 ,-,
河南丁记胡辣汤,12,8,7.7,6.8,7.6, 桃园路大新新村大王庙 ,15820775291,
拾分鸡饭,181,49,8.2,8.1,8.3, 福田街道水围社区水围村1栋1(深圳市云顶学校附近) ,0755-23610486,
卤姥姥现捞(白石洲湾畔店),条评论,元,.,.,., 畔商1商铺C(白洲地铁A出口) ,111,
小堂主羊肉粉,421,31,8.4,8.8,8.7, 海德二道天利名城二期1号(钢管厂五区小郡肝串串香隔壁) ,18129988957,
遇见小面(来福士广场店),611,36,7.5,7.5,7.2, 南海大道1号来福士广场负1楼 ,0755-86531126,
电白鸭粥,12,39,7.7,7,7.4, 南山大道号 ,0755-26500917,
麦当劳(高新南一道店),156,26,7.9,8.1,7.9, 高新南一道号中国科技开发院孵化大楼1、1、111室 ,0755-26993469,
潮汕@汤,44,36,7.9,6.9,7.4, 紫薇路号(紫薇苑东区临街商铺) ,13682625631,
普宁流沙肠粉店,条评论,1,.,.,., 自由(宝旁) ,添加,
妯娌老鸭粉丝汤(来福士店),76,39,7.5,7.9,7.9, 登良路来福士广场户外一楼(汉京大厦对面平洋咖啡隔壁) ,18033438594,
李宜恒面馆,1,元,.,.,., 招商(近途汽车) ,1,
包道广式点心专门店(白石洲店),条评论,1,.,.,., 侨豪苑1商铺 ,1,
宝庆粉府,1,1,0.1,.,., 丰潜鑫C1商铺(鑫正对面) ,11,
小锅传说(天虹宝安店),684,26,7.9,8,7.9, 西乡大道与新湖路交汇处天虹层 ,0755-23013699,
大弗兰(欢乐海岸店),240,40,7.7,8,7.5, 沙河街道白石东路号地景商业首层号A铺位 ,0755-86626066,
嘉州古真记钵钵鸡,90,21,7.9,7.7,8, 深南大道车公庙地铁站C口丰盛町商业街C- ,13828457905,
廷面东北手擀面,104,18,8,7.8,8.2, 招商街道招商路1号 ,13242244555,
艾薯Aysh(卓越世纪中心店),条评论,元,.,.,., 卓越Intown商商铺L1、L1 ,-,
八号街(IBC,56,27,7.1,7.6,7.4, 布心路号水贝IBCMALLB1-1 ,13510579089,
安天民北方饺子(彩田店),465,63,7.6,7.7,7.2, 彩田南路号彩虹大厦1楼D段(近岗厦地铁站A出口) ,0755-83238846,
遇见小面(壹方天地店),119,30,7.7,8.3,7.7, 龙华街道景龙社区人民路号栋壹方天地A区B1-A ,18123870603,
大申利生煎(花园城店),93,21,7.7,7.5,7.4, 南海大道1花园城中心二楼1 ,4007752577,
麦当劳(新洲九街店),条评论,元,.,.,., 洲与洲界处 ,-,
一碗(岗厦店),187,25,7.7,8,7.9, 彩田南路东华大厦首层号 ,0755-23823758,
大家乐餐厅(海岸城店),111,元,.,.,., 岸购物11铺 ,-,
大家乐餐厅(深国投广场店),738,37,7.5,7.5,7.4, 农林路与侨香路交叉口嘉信茂购物中心-B1层 ,0755-82700187,
肯德基,71,34,7.4,7.8,7.7, 宝安国际机场T航站楼层国内到达厅 ,添加,
大弗兰・湖南米粉小吃(华强九方店),920,37,7.6,7.9,7.6, 华强北振中路九方购物中心B1层 ,0755-82706196,
老碗会・手工陕面小吃(罗湖书城店),条评论,元,.,.,., 罗书旁(地铁1线剧院F口步行米) ,-1,
ENAK原酱咖喱・东南亚料理(宝安总店),87,40,7.7,7.7,8.6, 裕安二路号(宝民派出所对面) ,13670289484,
~旦仔(湖贝店),36,20,7.8,7.3,8, 乐园路湖贝新村栋巷铺 ,13723731223,
豆浆传说,270,41,7.4,7.7,7.5, 福田街道福华路连城二期c1号 ,0755-23909078,
孙记粉面店,条评论,1,.,.,.,  ,-,
味百思・潮汕豆浆王(梅林店),105,17,8.3,7.7,8.3, 梅华路西横街号梅兴苑1栋1C ,16620806362,
寻味面家,条评论,元,.,.,0.1, 油-1(小旁) ,11,
新红重庆龙须面(深业东岭店),38,21,7.9,8.2,8.3, 黄贝岭路深业东岭花园二期裙楼商业半地下1层1-1号铺 ,18316596092,
汉堡王(南山海德三道店),219,32,8,7.9,7.6, 粤海街道海德三道天利广场1期二楼沿街11/1号商铺 ,0755-26917921,
四姐妹北方饺子坊(水围村店),492,59,7.7,7.8,7.5, 福民路号水围村栋1楼 ,0755-83821918,
潮汕潘记,47,15,8.4,6.8,7.5, 石鼓路留仙居三号铺 ,15919847373,
麦当劳(东海购物广场店),条评论,元,.,.,., 荔侧购物11之11铺(口) ,-11,
红荔村肠粉(留仙大道店),583,27,8.1,7.5,7.4, 留仙大道西群园商业1楼1-1号 ,0755-26730202,
佳泰砂锅粥(后海店),1,元,.,.,., 后后办11(后与登良汇处) ,-,
汉堡王(深圳魅力时代店),892,34,8.1,8.1,8, 西乡大道与新湖路交汇处魅力时代花园裙楼B楼B11铺 ,0755-27211991,
麦当劳(壹方城店),82,25,7.9,8,8, 宝安中心区兴华一路号壹方城B层1号商铺 ,0755-23002952,
遇见小面(龙岗万科店),65,31,7.6,8.1,7.9, 龙翔大道1号B1层号 ,15677168827,
庙东排骨(梅林店),条评论,1,.,.,., E栋1房(点点旁边) ,11,
麦当劳(华融店),182,29,8.2,8.2,8.2, 民田路华融大厦1栋 ,0755-82706519,
鑫蛙王子(学府路店),218,37,8.2,8.1,8.4, 学府路号(四方村公交站旁) ,18928464461,
林尧隆江猪脚店,226,25,8.1,7.1,7.3, 东门街道立新路新风花园N1号 ,15011738090,
福客FOOOK麻辣烫(怡景中心店),925,29,7.9,7.8,8, 怡景中心城地下二蛹依指＠锩娓阂徊(近大中华) ,13534251904,
云味馆过桥米线(时代城购物广场店),596,27,8.6,8.7,8.5, 海城路与宝源路交汇处时代城购物广场1层 ,0755-23727786,
常德津市牛肉粉馆,30,17,7.2,7,7.2, 沙头街道滨海大道下沙村一坊1号11 ,15361837613,
阿甘锅盔(玖龙荟店),1,1,.,.,., 塘白地铁B口玖荟LN11-11(电影院旁) ,11,
汉堡王(华强旗舰店),1310,32,7.8,7.9,7.7, 华强北路桑达1栋楼1-1(近曼哈广场) ,0755-82024922,
卜卜记(白石洲店),35,17,7.5,7.7,7.8, 深南大道沙河街道湾畔花园商业区1层商铺C ,13622831074,
喜家德虾仁水饺(海上世界广场店),87,41,7.7,7.7,7.6, 太子路号海上世界广场海滨海滨商业中心(星巴克斜对面，地铁A出口附近) ,18902467977,
荔园小馆,304,24,7.6,7,7.2, 红荔路1号园岭栋 ,0755-22206446,
蚝旺角,56,61,8.3,7.8,8.2, 新安街道上川路号 ,13554991221,
肯德基(卓越汇店),条评论,元,.,0.1,0.1, 与汇处卓悦汇购物B ,-1,
张氏宽窄巷成都名小吃(halo广场店),334,53,7.5,7.7,7.4, 笋岗街道桃园路号HALO广场一楼L1-铺(澳康达二手名车交易市场对面) ,0755-82343205,
喜家德虾仁水饺(来福士店),33,45,7.7,7.6,7.7, 南海大道1号来福士购物广场B1层 ,18565794181,
张氏宽窄巷成都名小吃(壹方天地店),125,61,7.2,8.4,7.5, 龙华街道人民路号壹方天地A区B1- ,0755-23779434,
东方宫中国兰州牛肉拉面(车公庙店),138,22,7.9,8,7.9, 车公庙泰然四路11栋11号商铺(泰然四路与泰然九路交汇处) ,0755-23610862,
汉堡王(万科天誉广场店),635,37,8.3,8.3,8.1, 龙翔大道1号龙岗万科广场L-铺(近龙城广场) ,0755-28228701,
肯德基(布吉万象汇店),44,32,7.8,7.8,7.8, 翔鸽路深圳华润万象汇购物中心层L号层 ,0755-28684071,
丁记烩面馆(南侨花园店),条评论,元,.,.,0.1, 桥铺 ,111,
约见面(kk,1,1,.,.,., 基时代B1B1 ,-,
丸龟制面(东海缤纷天地店),1,元,.,.,., 缤纷地B ,-,
戴记普宁肠粉王(新洲店),1,1,.,.,., 洲1栋1(至尊烧鹅店旁边小巷子) ,11111,
鱼你在一起(中洲店),32,31,7.4,7.6,7.8, 创业二路中洲购物中心L ,18126524589,
汉堡王(深圳桃园路店),483,26,7.7,8,7.7, 桃园路田厦金牛广场A座-1和11号商铺 ,0755-86667741,
丸龟制面(深圳南山华侨城店),198,34,7.5,7.7,7.5, 兴隆街沃尔玛门口 ,0755-26006843,
红荔村肠粉(宝安店),300,26,8.3,8.2,8, 新安街道创业路洪福雅苑一栋裙楼11室 ,0755-29171580,
麦当劳(怡景中心城店),238,29,7.7,7.8,7.7, 福华一路怡景中心城G层 ,0755-82801522,
芳叔(购物公园店),263,18,8.1,7.8,7.8, 福华路连天地商业街A1A号 ,13265698494,
三只松鼠(万象汇店),153,64,8.6,8.8,8.6, 翔鸽路与南环路交口万象汇1层 ,0755-82190688,
米芝莲(印力中心店),49,25,7.9,7.7,7.9, 农林路号深国投广场B1楼 ,添加,
山海游冒菜(储能大厦店),85,42,8.2,8.4,8.2, 科苑南路号中国储能大厦负一层1号商铺 ,0755-86700173,
俏凤凰(万象诚品店),33,35,8,8.4,8.4, 粤海街道华润万象天地NL1NL1LG1铺 ,0755-86169976,
Hi味花甲(IBC,53,28,7.8,7.8,8.1, 布心路号水贝珠宝总部大厦IBCMALL B1-1号商铺（近盒马鲜生）(号线水贝地铁站) ,13160523067,
汉堡王(COCO,845,30,7.9,8.1,7.9, 民治街道星河盛世一楼Coco City(上河坊购物广场斜对面) ,0755-23764939,
大家乐(新洲店),条评论,元,.,.,., 洲邑裙(近之) ,-1,
揭西擂茶(龙华店),109,22,7.8,7.7,7.7, 龙华街道人民路华侨花园华侨楼1层 ,13714011151,
砂师弟砂锅牛腩煲(布吉佳兆业广场店),255,64,8,8,7.7, 龙岗大道1号布吉佳兆业广场层 ,13533125924,
大弗兰・湖南米粉小吃(连城新天地店),159,32,7.6,7.9,7.7, 福华路连城新天地一期C1C(近会展中心站) ,0755-82535161,
喜家德虾仁水饺(水贝IBC店),29,35,8,7.8,7.8, 布心路号(IBC环球商务中心B1层) ,添加,
大家乐餐馆(华强北店),302,33,7.6,7.7,7.6, 华强北路11号华强广场B1楼A1号 ,0755-83258901,
马子禄牛肉面(竹子林店),条评论,元,.,.,., 竹子D出口米 ,-1,
喜家德虾仁水饺(星河WORLD店),33,37,8.2,8,8.3, 雅宝路1号星河WORLD・COCOParkB1层星享食汇集合美食空间 ,18025855277,
东北自助水饺,24,26,7.7,7.6,8.1, 海昌街1号 ,15945020304,
福客FOOOK麻辣烫(COCOPark店),341,37,7.5,7.6,7.6, 福田中心二路11号星河COCOPark负一楼(三号地铁购物公园站F出口约米) ,15112445850,
红荔村肠粉(95分店),143,28,8.1,7.9,7.5, 解放路号(近地王大厦) ,0755-25981813,
寻秦记西安手工面(下沙店),1,元,.,.,., 下好裙11地铁B出口 ,-,
红荔村肠粉(丽苑42店),311,26,7.9,7.5,7.3, 东门中路号丽苑酒店1楼西面(近茂业百货) ,0755-82298208,
庙东排骨(大芬店),119,23,8,7.6,8, 布吉街道龙岗大道号楼临东大街号(大芬地铁站A出口苏宁易购旁) ,15044094733,
手心的你,136,13,7.9,7.8,8, 东门街道解放路太阳广场楼1A-1号 ,13715155495,
麦当劳(皇岗路店),条评论,元,.,.,0.1, 岗1商B1M商铺 ,-,
大潮汕深夜豆浆,23,20,7.5,7.3,7.3, 长发中路1号 ,添加,
临津门邵阳米粉(东滨路店),33,25,8.2,7.7,7.9, 招商街道东滨路紫竹园商业街1铺 ,0755-88271680,
秦人面f(保税区店),581,22,8.5,7.9,8.2, 红树福苑栋11室 ,13530721012,
裕芳餐厅,91,49,7.4,6.9,7, 新安二路中粮天悦壹号 ,0755-27786369,
伊兰兴兰州牛肉面,条评论,元,.,.,., 11科C座商铺 ,-,
想点就点(kk,102,21,7.3,7.4,7.5, 滨河大道号京基滨河时代北区B1层B11 ,0755-88635030,
云味馆过桥米线(景田店),1289,30,7.8,8.2,7.7, 景田地铁站D出口麦当劳隔壁 ,0755-83141960,
哟部落美食寿司店,198,31,8.3,8.2,8.3, 桃源街道平山一路号(哈尔滨工业大学对面) ,18923838355,
肯德基(中心书城店),264,33,7.5,7.5,7.5, 红荔路深圳中心书城首层 ,0755-23992161,
饺小仙,条评论,元,.,.,., 子111水地铁d出口水1裙B1-1 ,111,
万利记老长沙米粉小吃社(龙华九方购物中心店),1,1,.,.,., 方购物 ,-11,
老厝边潮汕@条汤,条评论,1,.,.,., 塘白地铁B出口玖荟1 ,添加,
正宗丁记卤鹅,25,51,8.1,7.5,7.4, 新安街道区建安一路号F栋1号 ,13829016458,
老北京煎饼铺(海岸城店),118,11,7,7,7.2, 文心四路号海岸城西座1层 ,15019419927,
万利记老长沙米粉小吃社(万象汇店),185,28,7.5,7.4,7.2, 深圳华润万象汇购物中心L1层Y11号商铺 ,0755-84821242,
央宗米线-出自云南(创意园店),633,38,7.3,7.6,7.4, 华侨城创意园北区A-1(泡泡艺廊对面) ,0755-86233299,
飨乐,241,25,8,7.9,8, 莲花街道福中三路市民中心地铁站负1层物业区A-商铺A ,0755-82522902,
珍珍烧腊饭店,52,50,7.7,7.3,7.6, 光明小区光明大街号 ,0755-27400682,
老边饺子(桂庙路店),条评论,元,.,.,., 庙仰下 ,-1,
啃得香饼店,条评论,元,.,.,., 同1 ,-,
早约煎饼语茶(卓悦intown店),157,17,7.4,7.6,7.6, 福华三路金田路号卓越intown一楼l1-D ,13425166066,
冰冰便利店,220,20,7.2,6.6,6.9, 深南东路南塘商业广场b区1号(东门町里) ,15999603323,
阿甘锅盔(新沙天虹店),27,9,8.1,7.7,7.7, 西环路1号(新沙天虹购物广场三楼，精致生活超市旁) ,添加,
俏凤凰(连城新天地店),条评论,元,.,.,., 地负C1B(会展) ,-1,
红荔村肠粉(白石洲分店),条评论,元,.,.,., 下白 ,11,
日月永和(凤凰店),368,23,7.3,7.1,7.1, 凤凰路凤山大厦一楼中座号前厅 ,0755-25412102,
桥洞专业炒粉,条评论,1,.,.,., 田岗围1-1 ,11,
湛江渔港(水围店),262,98,7.1,6.6,6.9, 水围村水围街1号(近水围新家园) ,0755-83815248,
西贝超级肉夹馍(皇岗店),115,37,7.4,7.6,7.4, 福民路与益田路交叉口皇达东方雅苑商业裙楼首层 ,添加,
麦当劳(景田店),1,元,.,.,., 莲色首F#(监控对面) ,-11,
艾薯Aysh(观澜湖MHmall店),条评论,元,.,.,., 观澜高夫观澜MH MALL期 ,-,
大家乐餐厅(喜荟城店),582,37,7.5,7.6,7.6, 太宁路号喜荟城购物中心1楼1号铺(近水库公园) ,0755-29153088,
板烧厨房(龙华旗舰店),60,21,7.8,7.8,7.8, 民塘路龙光玖龙荟一层1N11铺(龙华号线白石龙地铁站C出口旁) ,0755-21046751,
卤鹅有约(福永总店),106,53,7.9,8,7.8, 福海街道宝安大道号星港同创汇天枢座1单元 ,0755-26626629,
山海游冒菜(南山茂业店),1,元,0.1,.,., 百货负1 ,-,
汉堡王(大梅沙店),113,32,8,8.4,7.8, 大梅沙怀渡街-11、-1、-1大梅沙奥特莱斯购物中心一期栋L1号 ,0755-22742030,
牛牛潮汕牛肉店,1,元,.,.,., 水围 ,-,
大弗兰丨湖南米粉小吃(侨香店),条评论,元,.,.,., 侨HiRunning商 ,-,
N记肠粉王(福华路店),1403,28,7.2,6.9,6.6, 福华路号 ,0755-83188027,
云味馆米线(熙Z城店),79,31,8.3,8.4,8.3, 富安大道1号 ,15989335893,
物碗@条,条评论,元,.,0.1,., 洲1 ,11,
艾薯Aysh(南山海雅店),1,元,.,.,., 雅缤纷1(近岸店) ,-,
笨猪笑小鲜肉米线(东门店),16,26,7.7,7.5,8.1, 东门老街南庆街号汇商名苑1-商铺(朱古力普罗旺斯俱乐部旁边) ,15999663338,
和记砂锅粥(沙头角店),112,49,7.6,7.2,7.3, 东和路号(沙头角中学对面) ,0755-25357752,
小马手擀面,条评论,元,.,.,., 地铁A出口寸时美食驿 ,-,
汉堡王(深南中路店),235,28,7.7,7.9,7.6, 深南中路1号百货广场大厦东大门项目内一层L1号商铺 ,0755-82341292,
滇月小锅米线(壹方城店),268,31,7.2,7.3,6.9, 新湖路壹方城B层号铺(宝安中心站地铁F出口) ,0755-23004513,
尚千碗・白家肥肠粉(市民中心店),1,元,.,.,., 地铁地铁物寸时美食隐烫旁 ,1,
张氏宽窄巷成都名小吃(中洲πmall店),249,57,7.3,7.6,7, 创业二路号中洲・πmallA区B1层B1-1商铺 ,17512064702,
麦当劳(深圳北站高铁店),179,36,7.6,7.6,7.3, 深圳北站站内层 ,0755-83722177,
徐东家的凉皮铺子(太古城店),1,元,.,.,., 负铺 ,1,
大家乐(连城店),887,37,7.5,7.5,7.4, 福华路B1楼B城新天地商业街BA号 ,0755-23609909,
斗来香传统港式美食,86,17,7.8,7.6,7.8, 中梅路1公馆北区1铺(光浩国际对面) ,13684915689,
美珍香(深圳宝安机场T3店),48,132,8.1,7.8,7.3, 深圳宝安机场号航站楼禁区内层(近-号登机口) ,0755-23459275,
崔记水煎包,1,元,.,.,., 白洲1 ,1,
肯德基(高新区店),149,36,7.5,7.8,7.6, 科苑大道深圳高新区综合服务楼一楼 ,0755-26017721,
阿叔牛杂(黄贝岭店),163,27,7.2,6.6,6.8, 黄贝岭上村栋1号铺 ,15013799173,
德克士(北站店),117,40,7.7,7.7,7.6, 民治街道致远中路号深圳北站F层 ,0755-66856428,
大邱里,60,42,7.1,7.5,7.4, 公明街道公园路1号楼A区(湘里小厨三楼，公明建设银行旁) ,0755-23425487,
老碗会・手工陕面小吃(农林路店),94,35,7.6,7.7,7.8, 香蜜湖街道深南路与农林路交界处西北鑫竹苑bc座一层号A ,0755-82798106,
汉堡王(卓越世纪中心店),381,30,7.6,7.7,7.4, 福华三路与金田路交汇处卓越世纪中心、号裙楼L11号铺 ,0755-88604361,
渝面小生(皇庭广场店),137,18,7.4,7.3,7.4, 福华三路皇庭广场B1-H- ,17317100980,
芳叔(来福士店),109,22,7.4,7.1,7.3, 南海大道1号来福士广场B1层A铺 ,15920029104,
邵粉源粉面店,106,22,8.3,8.1,8.1, 梅龙大道1号昌盛科技大厦一楼11室 ,18603000878,
螺师爷,1,元,.,.,., 下好裙 ,-,
福客FOOOK麻辣烫(海岸城店),75,37,7.4,7.7,7.2, 海德二道海岸城购物中心负一层号铺 ,0755-26062555,
东方宫中国兰州牛肉拉面(科技园文化广场店),563,22,7.7,7.7,7.6, 深南大道科技园M栋1室(科技园文化广场负一层) ,13500056075,
麦当劳(罗湖解放路店),11,元,.,.,., 宝1展首-A商铺 ,-,
饺子李,48,20,8.3,7.1,7.8, 新圳西路(近海雅缤纷城,甲岸村1栋) ,13612970712
蓉李记成都名小吃(九方店),1565,37,7.3,7.4,7.3, 龙华新区民治人民路号九方购物中心L层 ,0755-85298986,
正宗老罗家臭豆腐(下沙店),条评论,元,.,.,., 下- ,1,
剪壹碗化州牛腩,89,33,7.5,7.7,7.7, 西环路1号天虹商场七层1A铺 ,13728684407,
B仔牛杂,41,24,7.8,6.7,7.6, 蛇口新街号 ,13670109346,
My,553,48,7.1,8.1,7.2, 华侨城LOFT创意产业园F-1栋1-1号(近康佳北) ,0755-86102584,
吉祥馄饨(丰盛町店),条评论,元,.,.,., 车庙丰盛町商步行BCDB--铺 ,-1,
肯德基(华润万象城店),253,26,8,8,7.9, 宝安南路11号华润万象城一期中座B1层B ,0755-82668019,
秦喜肉夹馍(华强北店),1,元,.,.,., 航1方购物负1B1商铺 ,11,
袁记饺子云吞(新洲店),28,11,7.6,7.4,7.6, 新洲二街1号 ,15973740875,
麦当劳(中康路分店),1,元,.,.,., 卓悦汇购物负商铺 ,-,
土豪肠粉,1,元,.,.,., 彩田艺丰A栋11室 ,-,
汉堡王(沙河西路店),88,35,7.6,7.6,7.5, 粤海街道沙河西路1号深圳湾科技生态园栋C区1层-号 ,0755-26925216,
石磨记湖南米粉铺,30,17,7.9,7.6,7.8, 清泉路惠乐购百货大门正对面 ,15338781469,
蒙自源小锅米线(海岸城店),65,17,7.7,7.4,7.5, 后海海德三道1号天利中央商务广场(1cc旁) ,0755-22677072,
老陕biangbiang面・三哥面食馆,142,22,7.9,7.5,7.3, 中翠路中翠花园商铺1号 ,0755-22001842,
麦当劳(观光路DT店),1,元,.,.,0.1, 水坑阁郡 ,-1,
刘氏烤冷面,52,10,7.8,7.1,7.8, 坂田五和地铁站B出口南行米(通达五金店内) ,13970540798,
徐记煎饼果子,条评论,元,.,.,0.1, 车庙丰盛町B- ,1111,
日月永和(东湖店),48,23,7.6,7.5,7.4, 太安路号 ,0755-25008248,
王记潮汕汤粉店,11,1,.,0.1,., 景田景田综侧A座A ,11,
汉堡王(深圳蔡屋围店),1321,32,7.6,7.6,7.5, 蔡屋围蔡屋围京基金融中心地下商业-1层 ,0755-82025622,
麦当劳(翠竹店),245,28,8.1,8.1,8.2, 田贝一路华丽苑首层 ,0755-25626992,
潮汕砂锅粥(民丰路店),27,61,7.1,6.9,7.1, 民丰路1号(民治大道与民丰路交汇处向东米) ,13691935082,
乐干面・武汉热干面(来福士广场店),115,29,6.9,7.4,7.5, 南海大道1号来福士广场B1层 ,0755-86963231,
渔小白(创维店),条评论,元,.,.,., 粤高社高1维半导计11 ,111,
唐氏锅贴(科技园店),1,元,.,.,., 粤臻 ,-1,
麦当劳(kk,1,元,0.1,.,., 基时代111、11、11、1 ,-,
林记潮汕特色牛肉@店,41,20,7.3,6.9,7, 沙河街下白石二坊1号 ,13502569299,
大弗兰丨湖南小吃米粉(坂田星河店),1,元,.,.,., 行米 ,-11,
万利记老长沙米粉小吃社(丰盛町店),421,29,7.7,7.5,7.5, 深南大道丰盛町负二楼(车公庙地铁站C出口旁) ,0755-82575547,
黔派虾子羊肉粉(佳宁娜广场店),1,元,.,.,., 佳娜外扶梯底玻璃屋G铺 ,11,
麦当劳(农林路店),94,22,8.1,7.8,7.8, 农林路深国投商业中心山姆会员店一层麦当劳 ,0755-82558459,
大家乐(宝能太古店),条评论,元,.,.,., 与后叉口宝能物负SB11、SB11铺位 ,-1,
红荔村肠粉(红岭店),条评论,元,.,.,., 岭1栋棉阁B铺 ,-,
老V州大排档风味,68,79,7.1,6.4,6.4, 福田街道水围九街号 ,0755-33578733,
麦当劳(振中路店),80,27,8.5,8.5,8.7, 华强北路华强广场一栋11室 ,0755-82577449,
红荔村肠粉(国科店,条评论,元,.,.,., 虹国际科技首商铺E(馆对面) ,-1,
又卷烧饼(海雅缤纷城店),条评论,元,.,.,., 雅缤纷B1-(有茶对面) ,11,
潮盛白粥,条评论,元,.,.,., - ,1,
老牛厨鲜牛肉牛杂店,51,51,7.6,7.1,7.5, 商乐街1-1南山蛇口水湾地铁站C出口斜对面(长青购物广场旁路口直下米) ,18682489913,
俏凤凰(印力中心店),90,35,7.4,7.9,7.8, 侨香路深国投广场负一楼 ,0755-82553235,
晋宝章大同刀削面(常兴店),条评论,元,.,.,., 田统栋 ,1,
仟福粥点(华强北店),65,42,7.6,7.6,7.6, 红荔路南方大厦栋1楼 ,0755-83253992,
肯德基(COCOPARK店),222,29,7.7,7.7,7.6, 福华路星河CoCoPark花园负一楼B1C-A商铺 ,0755-88312097,
卤人甲(沙尾店),1,1,.,.,., 强尾-(地铁线尾地铁B口出右方米) ,1,
蓉李记成都名小吃(福田CCP店),1288,70,7.1,7.6,7.2, 福华三路星河COCOPark楼 ,0755-82786915,
福客FOOOK麻辣烫(连城新天地店),168,33,7.4,7.3,7.2, 福华路地下商城连城新天地一期C铺 ,15818727561,
老班长手工灌汤包(龙华九方店),160,39,7.5,7.6,7.2, 人民路号九方购物中心B1号商铺 ,13392440917,
西北杂粮筐凉皮大王(九方店),1,元,.,.,., 方购物B1A ,-,
麦当劳(大运DT店),114,37,7.9,7.8,7.8, 龙翔大道1号大运中心之号地块部位 ,0755-89902485,
拌粉君(平安金融中心店),13,25,7.2,7.3,7.4, 福田区益田路号平安金融中心负一层美食广场B11A ,15323888755,
大家乐(丰盛町店),条评论,元,.,.,., 车庙侧丰盛町地下BB1C1--1铺 ,-,
老V味牛杂铺(水围店),条评论,1,.,.,., 岗水围1国际1栋1 ,1,
卤人甲(茂业百货店),106,25,7.5,7.1,7.2, 华强北振华路茂业广场地下一楼 ,18018745118,
日月永和(东晓店),条评论,元,.,.,., 翠竹晓1晓 ,-,
和和HUOHUO手工手工手工饮,条评论,元,.,.,., 蛇口龟1(与汇处) ,-,
双潭圩桂林米粉,11,元,.,.,., 发赛格科技1栋(馆对面) ,-,
和欢食尚坊港式牛腩牛杂火锅(东门南路店),109,32,7.5,7.6,7.6, 东门南路天俊大厦裙楼1层11-A铺(链家地产隔壁) ,13392898240,
秦味儿西安手工面(车公庙店),条评论,元,.,.,., 然汇 ,1,
杭州昌记小笼包,83,13,7.4,7.1,7.2, 蛇口新街号 ,18002555726,
城森肠粉店(翻身店),340,21,7.7,6.8,7.2, 顺丰路翻身村五二队-号(近创业天虹) ,15994760105,
电白鸭粥,条评论,元,.,.,0.1, 桃1 ,1,
福客FOOOK麻辣烫(华强北九方店),335,35,7.5,7.6,7.5, 振中路九方购物中心负一楼11号铺位 ,13823651751,
老班长手工灌汤包(8号仓店),102,42,7.3,7.6,7.2, 民康路1号号仓 ,0755-86937713,
福客FOOOK麻辣烫(卓悦汇店),510,31,7.8,7.7,7.6, 上梅林中康路与梅林路交叉口东北角卓悦汇B层 ,15814016199,
一一妈卜卜贝火锅・串串香小吃馆(泛海城市广场店),1,元,.,.,., 泛拉菲期1栋裙11-1(丽对面) ,111,
刘罗锅生煎包(盐田旗舰店),11,元,.,.,., 壹景1(星巴克旁) ,1,
麦当劳(大和路DT店),83,26,8.4,8.4,8.5, 观澜街道大和路西侧中航格澜花园1栋1-1、-号商铺 ,0755-29506900,
永和大王(莲花路店),条评论,元,.,.,., 莲莲11医院外科住院负 ,-,
煎饼志(上梅林店),100,23,7.2,7.7,7.7, 中康路号 ,添加,
麦当劳(侨城西街店),114,27,7.4,7.5,7.5, 侨城西街华侨城购物中心C区1楼(工商银行隔壁) ,0755-26729251,
里巷生煎(星河雅宝店),66,25,7.5,7.7,7.8, 五和大道星河cocopark负一楼 ,0755-28918067,
大家乐(中信店),559,37,7.5,7.7,7.5, 深南中路中信广场商业楼-1层L1-1-1A-11号铺(近许留山、麦当劳) ,0755-25571986,
面道馆(中心书城店),1,元,.,.,., 少宫e出口 ,1,
香港老字号云吞王,145,22,7.4,6.6,7, 沙头角田心市场西二号(-11便利店后) ,0755-25558033,
蛋到捣蛋,28,19,7.6,7.5,7.9, 荔园路号 ,15141484441,
广记餐厅,1,1,.,.,.,11,-,
